date_key,full_date,year,quarter,month,month_name,day,day_of_week,day_name,is_weekend
20101201,2010-12-01,2010,4,12,December,1,3,Wednesday,False
20101202,2010-12-02,2010,4,12,December,2,4,Thursday,False
20101203,2010-12-03,2010,4,12,December,3,5,Friday,False
20101204,2010-12-04,2010,4,12,December,4,6,Saturday,True
20101205,2010-12-05,2010,4,12,December,5,7,Sunday,True
20101206,2010-12-06,2010,4,12,December,6,1,Monday,False
20101207,2010-12-07,2010,4,12,December,7,2,Tuesday,False
20101208,2010-12-08,2010,4,12,December,8,3,Wednesday,False
20101209,2010-12-09,2010,4,12,December,9,4,Thursday,False
20101210,2010-12-10,2010,4,12,December,10,5,Friday,False
20101211,2010-12-11,2010,4,12,December,11,6,Saturday,True
20101212,2010-12-12,2010,4,12,December,12,7,Sunday,True
20101213,2010-12-13,2010,4,12,December,13,1,Monday,False
20101214,2010-12-14,2010,4,12,December,14,2,Tuesday,False
20101215,2010-12-15,2010,4,12,December,15,3,Wednesday,False
20101216,2010-12-16,2010,4,12,December,16,4,Thursday,False
20101217,2010-12-17,2010,4,12,December,17,5,Friday,False
20101218,2010-12-18,2010,4,12,December,18,6,Saturday,True
20101219,2010-12-19,2010,4,12,December,19,7,Sunday,True
20101220,2010-12-20,2010,4,12,December,20,1,Monday,False
20101221,2010-12-21,2010,4,12,December,21,2,Tuesday,False
20101222,2010-12-22,2010,4,12,December,22,3,Wednesday,False
20101223,2010-12-23,2010,4,12,December,23,4,Thursday,False
20101224,2010-12-24,2010,4,12,December,24,5,Friday,False
20101225,2010-12-25,2010,4,12,December,25,6,Saturday,True
20101226,2010-12-26,2010,4,12,December,26,7,Sunday,True
20101227,2010-12-27,2010,4,12,December,27,1,Monday,False
20101228,2010-12-28,2010,4,12,December,28,2,Tuesday,False
20101229,2010-12-29,2010,4,12,December,29,3,Wednesday,False
20101230,2010-12-30,2010,4,12,December,30,4,Thursday,False
20101231,2010-12-31,2010,4,12,December,31,5,Friday,False
20110101,2011-01-01,2011,1,1,January,1,6,Saturday,True
20110102,2011-01-02,2011,1,1,January,2,7,Sunday,True
20110103,2011-01-03,2011,1,1,January,3,1,Monday,False
20110104,2011-01-04,2011,1,1,January,4,2,Tuesday,False
20110105,2011-01-05,2011,1,1,January,5,3,Wednesday,False
20110106,2011-01-06,2011,1,1,January,6,4,Thursday,False
20110107,2011-01-07,2011,1,1,January,7,5,Friday,False
20110108,2011-01-08,2011,1,1,January,8,6,Saturday,True
20110109,2011-01-09,2011,1,1,January,9,7,Sunday,True
20110110,2011-01-10,2011,1,1,January,10,1,Monday,False
20110111,2011-01-11,2011,1,1,January,11,2,Tuesday,False
20110112,2011-01-12,2011,1,1,January,12,3,Wednesday,False
20110113,2011-01-13,2011,1,1,January,13,4,Thursday,False
20110114,2011-01-14,2011,1,1,January,14,5,Friday,False
20110115,2011-01-15,2011,1,1,January,15,6,Saturday,True
20110116,2011-01-16,2011,1,1,January,16,7,Sunday,True
20110117,2011-01-17,2011,1,1,January,17,1,Monday,False
20110118,2011-01-18,2011,1,1,January,18,2,Tuesday,False
20110119,2011-01-19,2011,1,1,January,19,3,Wednesday,False
20110120,2011-01-20,2011,1,1,January,20,4,Thursday,False
20110121,2011-01-21,2011,1,1,January,21,5,Friday,False
20110122,2011-01-22,2011,1,1,January,22,6,Saturday,True
20110123,2011-01-23,2011,1,1,January,23,7,Sunday,True
20110124,2011-01-24,2011,1,1,January,24,1,Monday,False
20110125,2011-01-25,2011,1,1,January,25,2,Tuesday,False
20110126,2011-01-26,2011,1,1,January,26,3,Wednesday,False
20110127,2011-01-27,2011,1,1,January,27,4,Thursday,False
20110128,2011-01-28,2011,1,1,January,28,5,Friday,False
20110129,2011-01-29,2011,1,1,January,29,6,Saturday,True
20110130,2011-01-30,2011,1,1,January,30,7,Sunday,True
20110131,2011-01-31,2011,1,1,January,31,1,Monday,False
20110201,2011-02-01,2011,1,2,February,1,2,Tuesday,False
20110202,2011-02-02,2011,1,2,February,2,3,Wednesday,False
20110203,2011-02-03,2011,1,2,February,3,4,Thursday,False
20110204,2011-02-04,2011,1,2,February,4,5,Friday,False
20110205,2011-02-05,2011,1,2,February,5,6,Saturday,True
20110206,2011-02-06,2011,1,2,February,6,7,Sunday,True
20110207,2011-02-07,2011,1,2,February,7,1,Monday,False
20110208,2011-02-08,2011,1,2,February,8,2,Tuesday,False
20110209,2011-02-09,2011,1,2,February,9,3,Wednesday,False
20110210,2011-02-10,2011,1,2,February,10,4,Thursday,False
20110211,2011-02-11,2011,1,2,February,11,5,Friday,False
20110212,2011-02-12,2011,1,2,February,12,6,Saturday,True
20110213,2011-02-13,2011,1,2,February,13,7,Sunday,True
20110214,2011-02-14,2011,1,2,February,14,1,Monday,False
20110215,2011-02-15,2011,1,2,February,15,2,Tuesday,False
20110216,2011-02-16,2011,1,2,February,16,3,Wednesday,False
20110217,2011-02-17,2011,1,2,February,17,4,Thursday,False
20110218,2011-02-18,2011,1,2,February,18,5,Friday,False
20110219,2011-02-19,2011,1,2,February,19,6,Saturday,True
20110220,2011-02-20,2011,1,2,February,20,7,Sunday,True
20110221,2011-02-21,2011,1,2,February,21,1,Monday,False
20110222,2011-02-22,2011,1,2,February,22,2,Tuesday,False
20110223,2011-02-23,2011,1,2,February,23,3,Wednesday,False
20110224,2011-02-24,2011,1,2,February,24,4,Thursday,False
20110225,2011-02-25,2011,1,2,February,25,5,Friday,False
20110226,2011-02-26,2011,1,2,February,26,6,Saturday,True
20110227,2011-02-27,2011,1,2,February,27,7,Sunday,True
20110228,2011-02-28,2011,1,2,February,28,1,Monday,False
20110301,2011-03-01,2011,1,3,March,1,2,Tuesday,False
20110302,2011-03-02,2011,1,3,March,2,3,Wednesday,False
20110303,2011-03-03,2011,1,3,March,3,4,Thursday,False
20110304,2011-03-04,2011,1,3,March,4,5,Friday,False
20110305,2011-03-05,2011,1,3,March,5,6,Saturday,True
20110306,2011-03-06,2011,1,3,March,6,7,Sunday,True
20110307,2011-03-07,2011,1,3,March,7,1,Monday,False
20110308,2011-03-08,2011,1,3,March,8,2,Tuesday,False
20110309,2011-03-09,2011,1,3,March,9,3,Wednesday,False
20110310,2011-03-10,2011,1,3,March,10,4,Thursday,False
